{
    "cumulative_timesteps": 1000000,
    "cumulative_model_updates": 54,
    "policy_average_reward": 1.3849098893474037,
    "epoch": 9,
    "ts_since_last_save": 1000000,
    "reward_running_stats": {
        "mean": [
            0.14924287796020508
        ],
        "var": [
            80.42715454101562
        ],
        "shape": [
            1
        ],
        "count": 1500
    }
}